assessmentId,internalTaxonId,scientificName,redlistCategory,redlistCriteria,yearPublished,assessmentDate,criteriaVersion,language,rationale,habitat,threats,population,populationTrend,range,useTrade,systems,conservationActions,realm,yearLastSeen,possiblyExtinct,possiblyExtinctInTheWild,scopes
93132216,22686937,Phaethornis syrmatophorus,Least Concern,,2016,2016-10-01 00:00:00 UTC,3.1,English,"This species has a very large range, and hence does not approach the thresholds for Vulnerable under the range size criterion (Extent of Occurrence &lt;20,000 km2 combined with a declining or fluctuating range size, habitat extent/quality, or population size and a small number of locations or severe fragmentation). The population trend is not known, but the population is not believed to be decreasing sufficiently rapidly to approach the thresholds under the population trend criterion (&gt;30% decline over ten years or three generations). The population size has not been quantified, but it is not believed to approach the thresholds for Vulnerable under the population size criterion (&lt;10,000 mature individuals with a continuing decline estimated to be &gt;10% in ten years or three generations, or with a specified population structure). For these reasons the species is evaluated as Least Concern.",,,"The global population size has not been quantified, but this species is described as 'fairly common' (Stotz et al. (1996).",Unknown,,,Terrestrial,,Neotropical,,false,false,Global
93133625,22686961,Phaethornis koepckeae,Near Threatened,A2c+3c+4c;C1+2a(i),2016,2016-10-01 00:00:00 UTC,3.1,English,"This species is thought to have a moderately small, declining population owing to habitat loss. It is consequently classified as Near Threatened. <p></p>","It is found in the understorey of lowland and montane evergreen forest at 450-1,300 m, and at Hacienda Amazonia frequents <em>Heliconia</em> patches (Sibley and Monroe 1990, Parker <em>et al.</em> 1996, Clements and Shany 2001, Schulenberg <span style=""font-style: italic;"">et al</span>. 2007)<strong></strong>. It is rarely recorded in second growth.  <p></p>","It is threatened by rapid deforestation within its elevational range. Habitat in the Marañón drainage has been progressively deteriorating under cultivation for many years (Dinerstein <em>et al.</em> 1995), while the spread of oil palm plantations, cattle ranching and logging are all serious threats (Dinerstein <em>et al.</em> 1995).<br/> <p></p>","The population is preliminarily estimated to number 10,000-19,999 individuals. This equates to 6,667-13,333 mature individuals, rounded here to 6,000-15,000 mature individuals. The estimate requries confirmation.",Decreasing,"<em>Phaethornis koepckeae</em> is locally common, but very patchily distributed on outlying ridges near the east slope of the Andes in <strong>Peru</strong> (Amazonas, San Martín, Huánuco and Madre de Dios) (Parker <em>et al.</em> 1982, <strong></strong>Sibley and Monroe 1990, Parker <em>et al.</em> 1996, Schulenberg <span style=""font-style: italic;"">et al</span>. 2007)<strong></strong>.<em> <p></p></em>",,Terrestrial,<strong>Conservation Actions Underway</strong><br/>CITES Appendix II. <p></p><strong>Conservation Actions Proposed</strong><br/>Effectively protect and manage core areas of remaining habitat.  Monitor population at strongholds and search for the species in potentially suitable habitat at new sites.  Study its ecology and its ability to persist in degraded and fragmented habitats.  Attempt to obtain an accurate estimate of its population size and trends. Quantify extent of habitat losses.  <p></p>,Neotropical,,false,false,Global
93133873,22686965,Phaethornis philippii,Least Concern,,2016,2016-10-01 00:00:00 UTC,3.1,English,"This species has an extremely large range, and hence does not approach the thresholds for Vulnerable under the range size criterion (Extent of Occurrence &lt;20,000 km2 combined with a declining or fluctuating range size, habitat extent/quality, or population size and a small number of locations or severe fragmentation). Despite the fact that the population trend appears to be decreasing, the decline is not believed to be sufficiently rapid to approach the thresholds for Vulnerable under the population trend criterion (&gt;30% decline over ten years or three generations). The population size has not been quantified, but it is not believed to approach the thresholds for Vulnerable under the population size criterion (&lt;10,000 mature individuals with a continuing decline estimated to be &gt;10% in ten years or three generations, or with a specified population structure). For these reasons the species is evaluated as Least Concern.",,,"The global population size has not been quantified, but this species is described as 'fairly common' (Stotz et al. (1996).",Unknown,,,Terrestrial,,Neotropical,,false,false,Global
93134266,22686976,Phaethornis pretrei,Least Concern,,2016,2016-10-01 00:00:00 UTC,3.1,English,"This species has an extremely large range, and hence does not approach the thresholds for Vulnerable under the range size criterion (Extent of Occurrence &lt;20,000 km2 combined with a declining or fluctuating range size, habitat extent/quality, or population size and a small number of locations or severe fragmentation). The population trend is not known, but the population is not believed to be decreasing sufficiently rapidly to approach the thresholds under the population trend criterion (&gt;30% decline over ten years or three generations). The population size has not been quantified, but it is not believed to approach the thresholds for Vulnerable under the population size criterion (&lt;10,000 mature individuals with a continuing decline estimated to be &gt;10% in ten years or three generations, or with a specified population structure). For these reasons the species is evaluated as Least Concern.",,,"The global population size has not been quantified, but this species is described as 'fairly common' (Stotz et al. (1996).",Unknown,,,Terrestrial,,Neotropical,,false,false,Global
93134965,22686991,Phaethornis ruber,Least Concern,,2016,2016-10-01 00:00:00 UTC,3.1,English,"This species has an extremely large range, and hence does not approach the thresholds for Vulnerable under the range size criterion (Extent of Occurrence &lt;20,000 km2 combined with a declining or fluctuating range size, habitat extent/quality, or population size and a small number of locations or severe fragmentation). Despite the fact that the population trend appears to be decreasing, the decline is not believed to be sufficiently rapid to approach the thresholds for Vulnerable under the population trend criterion (&gt;30% decline over ten years or three generations). The population size has not been quantified, but it is not believed to approach the thresholds for Vulnerable under the population size criterion (&lt;10,000 mature individuals with a continuing decline estimated to be &gt;10% in ten years or three generations, or with a specified population structure). For these reasons the species is evaluated as Least Concern.",,,"The global population size has not been quantified, but this species is described as 'common' (Stotz et al. (1996).",Decreasing,,,Terrestrial,,Neotropical,,false,false,Global
93135194,22686994,Phaethornis stuarti,Least Concern,,2016,2016-10-01 00:00:00 UTC,3.1,English,"This species has a very large range, and hence does not approach the thresholds for Vulnerable under the range size criterion (Extent of Occurrence &lt;20,000 km2 combined with a declining or fluctuating range size, habitat extent/quality, or population size and a small number of locations or severe fragmentation). Despite the fact that the population trend appears to be decreasing, the decline is not believed to be sufficiently rapid to approach the thresholds for Vulnerable under the population trend criterion (&gt;30% decline over ten years or three generations). The population size has not been quantified, but it is not believed to approach the thresholds for Vulnerable under the population size criterion (&lt;10,000 mature individuals with a continuing decline estimated to be &gt;10% in ten years or three generations, or with a specified population structure). For these reasons the species is evaluated as Least Concern.",,,"The global population size has not been quantified, but this species is described as 'fairly common but patchily distributed' (Stotz et al. 1996).",Decreasing,,,Terrestrial,,Neotropical,,false,false,Global
94928874,22726661,Phaethornis griseogularis,Least Concern,,2016,2016-10-01 00:00:00 UTC,3.1,English,"This species has a very large range, and hence does not approach the thresholds for Vulnerable under the range size criterion (Extent of Occurrence &lt;20,000 km2 combined with a declining or fluctuating range size, habitat extent/quality, or population size and a small number of locations or severe fragmentation). The population trend is not known, but the population is not believed to be decreasing sufficiently rapidly to approach the thresholds under the population trend criterion (&gt;30% decline over ten years or three generations). The population size has not been quantified, but it is not believed to approach the thresholds for Vulnerable under the population size criterion (&lt;10,000 mature individuals with a continuing decline estimated to be &gt;10% in ten years or three generations, or with a specified population structure). For these reasons the species is evaluated as Least Concern.",,,"The global population size has not been quantified, but this species is described as 'fairly common' (Stotz <em>et al.</em> 1996).",Unknown,,,Terrestrial,,Neotropical,,false,false,Global
94929080,22726671,Phaethornis porcullae,Least Concern,,2016,2016-10-01 00:00:00 UTC,3.1,English,"Although this species may have a restricted range, it is not believed to approach the thresholds for Vulnerable under the range size criterion (Extent of Occurrence &lt;20,000 km2 combined with a declining or fluctuating range size, habitat extent/quality, or population size and a small number of locations or severe fragmentation). The population trend is not known, but the population is not believed to be decreasing sufficiently rapidly to approach the thresholds under the population trend criterion (&gt;30% decline over ten years or three generations). The population size has not been quantified, but it is not believed to approach the thresholds for Vulnerable under the population size criterion (&lt;10,000 mature individuals with a continuing decline estimated to be &gt;10% in ten years or three generations, or with a specified population structure). For these reasons the species is evaluated as Least Concern.",,,"The global population size has not been quantified, but this species is described as 'fairly common' (Stotz et al. (1996).",Unknown,,,Terrestrial,,Neotropical,,false,false,Global
95055412,22733197,Phaethornis atrimentalis,Least Concern,,2016,2016-10-01 00:00:00 UTC,3.1,English,"This species has a very large range, and hence does not approach the thresholds for Vulnerable under the range size criterion (Extent of Occurrence &lt;20,000 km2 combined with a declining or fluctuating range size, habitat extent/quality, or population size and a small number of locations or severe fragmentation). Despite the fact that the population trend appears to be decreasing, the decline is not believed to be sufficiently rapid to approach the thresholds for Vulnerable under the population trend criterion (&gt;30% decline over ten years or three generations). The population size has not been quantified, but it is not believed to approach the thresholds for Vulnerable under the population size criterion (&lt;10,000 mature individuals with a continuing decline estimated to be &gt;10% in ten years or three generations, or with a specified population structure). For these reasons the species is evaluated as Least Concern.",,,"The global population size has not been quantified, but the species is described as uncommon in Ecuador and locally frequent in Colombia (Restall et al. 2006).",Decreasing,"This species has a large range in the east Andes and adjacent lowlands of Colombia, Ecuador, and Peru.",,Terrestrial,,Neotropical,,false,false,Global
95069144,22733913,Phaethornis squalidus,Least Concern,,2016,2016-10-01 00:00:00 UTC,3.1,English,"This species has a very large range, and hence does not approach the thresholds for Vulnerable under the range size criterion (Extent of Occurrence &lt;20,000 km2 combined with a declining or fluctuating range size, habitat extent/quality, or population size and a small number of locations or severe fragmentation). The population trend is not known, but the population is not believed to be decreasing sufficiently rapidly to approach the thresholds under the population trend criterion (&gt;30% decline over ten years or three generations). The population size has not been quantified, but it is not believed to approach the thresholds for Vulnerable under the population size criterion (&lt;10,000 mature individuals with a continuing decline estimated to be &gt;10% in ten years or three generations, or with a specified population structure). For these reasons the species is evaluated as Least Concern.",,,"The global population size has not been quantified, but this species is described as 'fairly common' (Stotz et al. 1996).",Unknown,This species has a large range in south-east Brazil.,,Terrestrial,,Neotropical,,false,false,Global
95069295,22733918,Phaethornis rupurumii,Least Concern,,2016,2016-10-01 00:00:00 UTC,3.1,English,"This species has a very large range, and hence does not approach the thresholds for Vulnerable under the range size criterion (Extent of Occurrence &lt;20,000 km2 combined with a declining or fluctuating range size, habitat extent/quality, or population size and a small number of locations or severe fragmentation). Despite the fact that the population trend appears to be decreasing, the decline is not believed to be sufficiently rapid to approach the thresholds for Vulnerable under the population trend criterion (&gt;30% decline over ten years or three generations). The population size has not been quantified, but it is not believed to approach the thresholds for Vulnerable under the population size criterion (&lt;10,000 mature individuals with a continuing decline estimated to be &gt;10% in ten years or three generations, or with a specified population structure). For these reasons the species is evaluated as Least Concern.",,,"The global population size has not been quantified, but the species is described as locally common, although very poorly known (del Hoyo et al. 1999).",Unknown,"This species has a large range in two disjunct areas: along the lower Amazon in Brazil; and from easternmost Colombia, through Venezuela to western Guyana and adjacent Brazil.",,Terrestrial,,Neotropical,,false,false,Global
95137406,22736557,Phaethornis longuemareus,Least Concern,,2016,2016-10-01 00:00:00 UTC,3.1,English,"This species has a very large range, and hence does not approach the thresholds for Vulnerable under the range size criterion (Extent of Occurrence &lt;20,000 km2 combined with a declining or fluctuating range size, habitat extent/quality, or population size and a small number of locations or severe fragmentation). The population trend is not known, but the population is not believed to be decreasing sufficiently rapidly to approach the thresholds under the population trend criterion (&gt;30% decline over ten years or three generations). The population size has not been quantified, but it is not believed to approach the thresholds for Vulnerable under the population size criterion (&lt;10,000 mature individuals with a continuing decline estimated to be &gt;10% in ten years or three generations, or with a specified population structure). For these reasons the species is evaluated as Least Concern.
</P>",,,"The global population size has not been quantified, but this species is described as 'fairly common' (Stotz <em>et al</em>. 1996). <p></p>",Stable,"This species has a large range, occurring from Trinidad and north-east Venezuela to French Guiana. <p></p>",,Terrestrial,,Neotropical,,false,false,Global
130113277,22686940,Phaethornis superciliosus,Least Concern,,2018,2018-08-07 00:00:00 UTC,3.1,English,"This species has an extremely large range, and hence does not approach the thresholds for Vulnerable under the range size criterion (Extent of Occurrence &lt;20,000 km2 combined with a declining or fluctuating range size, habitat extent/quality, or population size and a small number of locations or severe fragmentation). Despite the fact that the population trend appears to be decreasing, the decline is not believed to be sufficiently rapid to approach the threshold for Vulnerable under the population trend criterion (&gt;30% decline over ten years of three generations). The population size has not been quantified, but it is not believed to approach the thresholds for Vulnerable under the population size criterion (&lt;10,000 mature individuals with a continuing decline estimated to be &gt;10% in ten years or three generations, or with a specified population structure). For these reasons the species is evaluated as Least Concern.",,,"The global population size has not been quantified, but this species is described as 'rare' (Stotz<em> et al.</em> 1996).",Decreasing,,,Terrestrial,,Neotropical,,false,false,Global
130113729,22686946,Phaethornis malaris,Least Concern,,2018,2018-08-07 00:00:00 UTC,3.1,English,"This species has an extremely large range, and hence does not approach the thresholds for Vulnerable under the range size criterion (Extent of Occurrence &lt;20,000 km2 combined with a declining or fluctuating range size, habitat extent/quality, or population size and a small number of locations or severe fragmentation). Despite the fact that the population trend appears to be decreasing, the decline is not believed to be sufficiently rapid to approach the thresholds for Vulnerable under the population trend criterion (&gt;30% decline over ten years or three generations). The population size has not been quantified, but it is not believed to approach the thresholds for Vulnerable under the population size criterion (&lt;10,000 mature individuals with a continuing decline estimated to be &gt;10% in ten years or three generations, or with a specified population structure). For these reasons the species is evaluated as Least Concern.",,,"The global population size has not been quantified, but this species is described as 'fairly common' (Stotz<em> et al. </em>1996).",Decreasing,,,Terrestrial,,Neotropical,,false,false,Global
130114182,22686949,Phaethornis eurynome,Least Concern,,2018,2018-08-07 00:00:00 UTC,3.1,English,"This species has a very large range, and hence does not approach the thresholds for Vulnerable under the range size criterion (Extent of Occurrence &lt;20,000 km2 combined with a declining or fluctuating range size, habitat extent/quality, or population size and a small number of locations or severe fragmentation). Despite the fact that the population trend appears to be decreasing, the decline is not believed to be sufficiently rapid to approach the threshold for Vulnerable under the population trend criterion (&gt;30% decline over ten years of three generations). The population size has not been quantified, but it is not believed to approach the thresholds for Vulnerable under the population size criterion (&lt;10,000 mature individuals with a continuing decline estimated to be &gt;10% in ten years or three generations, or with a specified population structure). For these reasons the species is evaluated as Least Concern.",,,"The global population size has not been quantified, but this species is described as 'fairly common' (Stotz <em>et al. </em>1996).",Decreasing,,,Terrestrial,,Neotropical,,false,false,Global
130114646,22686952,Phaethornis hispidus,Least Concern,,2018,2018-08-07 00:00:00 UTC,3.1,English,"This species has an extremely large range, and hence does not approach the thresholds for Vulnerable under the range size criterion (Extent of Occurrence &lt;20,000 km2 combined with a declining or fluctuating range size, habitat extent/quality, or population size and a small number of locations or severe fragmentation). Despite the fact that the population trend appears to be decreasing, the decline is not believed to be sufficiently rapid to approach the thresholds for Vulnerable under the population trend criterion (&gt;30% decline over ten years or three generations). The population size has not been quantified, but it is not believed to approach the thresholds for Vulnerable under the population size criterion (&lt;10,000 mature individuals with a continuing decline estimated to be &gt;10% in ten years or three generations, or with a specified population structure). For these reasons the species is evaluated as Least Concern.",,,"The global population size has not been quantified, but this species is described as 'common' (Stotz<em> et al.</em> 1996).",Decreasing,,,Terrestrial,,Neotropical,,false,false,Global
130116071,22686973,Phaethornis augusti,Least Concern,,2018,2018-08-07 00:00:00 UTC,3.1,English,"This species has a very large range, and hence does not approach the thresholds for Vulnerable under the range size criterion (Extent of Occurrence &lt;20,000 km2 combined with a declining or fluctuating range size, habitat extent/quality, or population size and a small number of locations or severe fragmentation). The population trend appears to be stable, and hence the species does not approach the thresholds for Vulnerable under the population trend criterion (&gt;30% decline over ten years or three generations). The population size has not been quantified, but it is not believed to approach the thresholds for Vulnerable under the population size criterion (&lt;10,000 mature individuals with a continuing decline estimated to be &gt;10% in ten years or three generations, or with a specified population structure). For these reasons the species is evaluated as Least Concern.",,,"The global population size has not been quantified, but this species is described as 'fairly common' (Stotz <em>et al. </em>1996).",Stable,,,Terrestrial,,Neotropical,,false,false,Global
130116474,22686979,Phaethornis subochraceus,Least Concern,,2018,2018-08-07 00:00:00 UTC,3.1,English,"This species has a very large range, and hence does not approach the thresholds for Vulnerable under the range size criterion (Extent of Occurrence &lt;20,000 km2 combined with a declining or fluctuating range size, habitat extent/quality, or population size and a small number of locations or severe fragmentation). Despite the fact that the population trend appears to be decreasing, the decline is not believed to be sufficiently rapid to approach the threshold for Vulnerable under the population trend criterion (&gt;30% decline over ten years of three generations). The population size has not been quantified, but it is not believed to approach the thresholds for Vulnerable under the population size criterion (&lt;10,000 mature individuals with a continuing decline estimated to be &gt;10% in ten years or three generations, or with a specified population structure). For these reasons the species is evaluated as Least Concern.",,,"The global population size has not been quantified, but this species is described as 'uncommon' (Stotz <em>et al. </em>1996).",Decreasing,,,Terrestrial,,Neotropical,,false,false,Global
130116856,22686982,Phaethornis nattereri,Least Concern,,2018,2018-08-07 00:00:00 UTC,3.1,English,"This species has an extremely large range, and hence does not approach the thresholds for Vulnerable under the range size criterion (Extent of Occurrence &lt;20,000 km2 combined with a declining or fluctuating range size, habitat extent/quality, or population size and a small number of locations or severe fragmentation). Despite the fact that the population trend appears to be decreasing, the decline is not believed to be sufficiently rapid to approach the threshold for Vulnerable under the population trend criterion (&gt;30% decline over ten years of three generations). The population size has not been quantified, but it is not believed to approach the thresholds for Vulnerable under the population size criterion (&lt;10,000 mature individuals with a continuing decline estimated to be &gt;10% in ten years or three generations, or with a specified population structure). For these reasons the species is evaluated as Least Concern.",,,"The global population size has not been quantified, but the species is described as perhaps locally common, although poorly known (del Hoyo <em>et al</em>. 1999).",Decreasing,,,Terrestrial,,Neotropical,,false,false,Global
130117234,22687010,Phaethornis idaliae,Least Concern,,2018,2018-08-07 00:00:00 UTC,3.1,English,"This species has a very large range, and hence does not approach the thresholds for Vulnerable under the range size criterion (Extent of Occurrence &lt;20,000 km2 combined with a declining or fluctuating range size, habitat extent/quality, or population size and a small number of locations or severe fragmentation). Despite the fact that the population trend appears to be decreasing, the decline is not believed to be sufficiently rapid to approach the threshold for Vulnerable under the population trend criterion (&gt;30% decline over ten years of three generations). The population size has not been quantified, but it is not believed to approach the thresholds for Vulnerable under the population size criterion (&lt;10,000 mature individuals with a continuing decline estimated to be &gt;10% in ten years or three generations, or with a specified population structure). For these reasons the species is evaluated as Least Concern.",,,"The global population size has not been quantified, but this species is described as 'fairly common' (Stotz <em>et al. </em>1996).",Decreasing,,,Terrestrial,,Neotropical,,false,false,Global
131358580,22736463,Phaethornis aethopygus,Vulnerable,A3ce+4ce,2018,2018-08-14 00:00:00 UTC,3.1,English,This species is listed as Vulnerable because ongoing deforestation and the paving of a major highway in its range are suspected to be driving a rapid population decline. Further research is needed to improve our knowledge of this poorly-known species. <p></p>,"The species is mostly restricted to primary forest. It is susceptible to habitat modification, although tolerant of areas being logged or affected by one fire event<strong></strong> (A. Lees <em>in litt</em>. 2011, 2016), with one lek observed in heavily disturbed <em>terra firme</em> forest (Piacentini <em>et al</em>. 2009). In general, the species is common in undisturbed primary forest, but scarce in or even absent from degraded and secondary forests (A. Lees <em>in litt.</em> 2016). It is nectivorous and, like other hummingbirds, probably supplements this diet with invertebrates such as flying insects and spiders.<br/><p></p>","Within the species's range, habitat destruction and fragmentation as a result of conversion to pasture, road construction and subsequent development and settlement, accompanied by illegal logging, are significant threats, with the Novo Progresso area currently experiencing one of the highest rates of deforestation in the Amazon<strong></strong> (F. Olmos<em> in litt</em>. 2007).<strong> </strong>The paving of the BR-163 Cuiabá-Santarém highway is expected to bring even greater habitat destruction, opening up soya markets in the Mato Grosso for rapid transfer to Santarém, unless strong government action is taken (A. Lees <em>in litt. </em>2007, MMA 2014). Observations of the species in disturbed habitats (Piacentini <em>et al</em>. 2009, A. Lees <em>in litt</em>. 2011, 2016)<strong></strong> suggests that, like many hummingbird species, it tolerates some level of habitat degradation; however, the species get increasingly scarce in degraded forests. Overall, forest fragmentation may lead to the loss of lekking sites, and outright forest clearance is assumed to be catastrophic. <p></p>",The population size of this species has not been estimated. The species was described as common to fairly common when considered conspecific with <em>Phaetornis longuemareus</em>.,Decreasing,"<em>Phaethornis aethopygus</em>&#160;is recognised as a valid species following a study into aspects of the population's plumage, distribution and behaviour that found strong evidence against its treatment as a hybrid (Piacentini <em>et al</em>. 2009). This species is endemic to <strong>Brazil</strong>, known only from the vicinity of the Teles Pires, Tapajós and Xingu rivers, south of the Amazon (Piacentini <em>et al</em>. 2009). <p></p>",,Terrestrial,"<strong>Conservation Actions Underway</strong><br/>Some areas of forest in its range are afforded protection in designated sites such as Floresta Nacional de Altamira and Jamanxin National Park (Piacentini <em>et al</em>. 2009). No other targeted actions are known for this species. <p></p><strong>Conservation Actions Proposed</strong><br/>Carry out surveys to obtain a population estimate and improved knowledge of the species's distribution. Monitor population trends. Monitor the extent and condition of habitat in its range. Increase the area of forest in the Teles Pires, Tapajós and Xingu watersheds that is protected. <p></p>",Neotropical,,false,false,Global
152218186,22726352,Phaethornis mexicanus,Least Concern,,2021,2020-10-12 00:00:00 UTC,3.1,English,"This species has a very large range, and hence does not approach the thresholds for Vulnerable under the range size criterion (Extent of Occurrence &lt;20,000 km<sup>2</sup> combined with a declining or fluctuating range size, habitat extent/quality, or population size and a small number of locations or severe fragmentation). Despite the fact that the population trend appears to be decreasing, the decline is not believed to be sufficiently rapid to approach the thresholds for Vulnerable under the population trend criterion (&gt;30% decline over ten years or three generations). The population size may be moderately small to large, but it is not believed to approach the thresholds for Vulnerable under the population size criterion (&lt;10,000 mature individuals with a continuing decline estimated to be &gt;10% in ten years or three generations, or with a specified population structure). For these reasons the species is evaluated as Least Concern.",,,"The global population is estimated to number fewer than 50,000 mature individuals (Partners in Flight 2019), thus the population is here placed in the band 20,000-49,999 mature individuals.",Decreasing,,,Terrestrial,,Neotropical,,false,false,Global
154799589,154797056,Phaethornis bourcieri,Least Concern,,2019,2019-07-26 00:00:00 UTC,3.1,English,"This species has an extremely large range, and hence does not approach the thresholds for Vulnerable under the range size criterion (Extent of Occurrence &lt;20,000 km2 combined with a declining or fluctuating range size, habitat extent/quality, or population size and a small number of locations or severe fragmentation). The population trend appears to be stable, and hence the species does not approach the thresholds for Vulnerable under the population trend criterion (&gt;30% decline over ten years or three generations). The population size has not been quantified, but it is not believed to approach the thresholds for Vulnerable under the population size criterion (&lt;10,000 mature individuals with a continuing decline estimated to be &gt;10% in ten years or three generations, or with a specified population structure). For these reasons the species is evaluated as Least Concern.","The species usually inhabits lowland <em>terra firma</em>&#160;rainforest and semi-deciduous or pre-montane forest (up to 1600m), occasionally also forest edge, bamboo thickets, dense shrubbery, várzea forest, second growth or plantations (Hinkelmann <em>et al.</em>&#160;2019).",,"The global population size has not been quantified, but this species is described as 'fairly common' (Stotz <em>et al. </em>1996).",Stable,"This species occurs through north-eastern <strong>Peru</strong>, eastern <strong>Ecuador</strong>, south-eastern <strong>Colombia</strong>, southern <strong>Venezuela</strong>, <strong>Guyana</strong>, <strong>Suriname</strong>, <strong>French Guiana</strong> and northern <strong>Brazil&#160;</strong>(Hinkelmann&#160;<em>et al.</em>&#160;2019).",,Terrestrial,,Neotropical,,false,false,Global
155635992,154797026,Phaethornis major,Least Concern,,2019,2019-08-07 00:00:00 UTC,3.1,English,"This species has an extremely large range, and hence does not approach the thresholds for Vulnerable under the range size criterion (Extent of Occurrence &lt;20,000 km<sup>2</sup> combined with a declining or fluctuating range size, habitat extent/quality, or population size and a small number of locations or severe fragmentation). The population trend is estimated to be stable, and hence the species does not approach the thresholds for Vulnerable under the population trend criterion (&gt;30% decline over ten years or three generations). The population size has not been quantified, but it is not believed to approach the thresholds for Vulnerable under the population size criterion (&lt;10,000 mature individuals with a continuing decline estimated to be &gt;10% in ten years or three generations, or with a specified population structure). For these reasons the species is evaluated as Least Concern.","The species usually inhabits lowland&#160;<em>terra firma</em>&#160;rainforest and semi-deciduous or pre-montane forest (up to 1,600 m), occasionally also forest edge, bamboo thickets, dense shrubbery, várzea forest, second growth or plantations (Hinkelmann&#160;<em>et al.</em>&#160;2019).",The threats to this species are unknown.,The population size has not been quantified.,Stable,<em>Phaethornis major</em>&#160;is restricted to the Tapajós area of the Amazon basin in <strong>Brazil</strong>&#160;(Araújo-Silva <em>et al.</em>&#160;2017).,,Terrestrial,,Neotropical,,false,false,Global
166919786,22686934,Phaethornis guy,Least Concern,,2021,2020-10-12 00:00:00 UTC,3.1,English,"This species has an extremely large range, and hence does not approach the thresholds for Vulnerable under the range size criterion (Extent of Occurrence &lt;20,000 km<sup>2</sup> combined with a declining or fluctuating range size, habitat extent/quality, or population size and a small number of locations or severe fragmentation). Despite the fact that the population trend appears to be decreasing, the decline is not believed to be sufficiently rapid to approach the thresholds for Vulnerable under the population trend criterion (&gt;30% decline over ten years or three generations). The population size is very large, and hence does not approach the thresholds for Vulnerable under the population size criterion (&lt;10,000 mature individuals with a continuing decline estimated to be &gt;10% in ten years or three generations, or with a specified population structure). For these reasons the species is evaluated as Least Concern.",,,"The global population is estimated to number 500,000-4,999,999 mature individuals (Partners in Flight 2019). The species is described as 'fairly common' (Stotz <em>et al</em>. 1996).",Decreasing,,,Terrestrial,,Neotropical,,false,false,Global
166920723,22686931,Phaethornis yaruqui,Least Concern,,2022,2022-06-29 00:00:00 UTC,3.1,English,"This species has a very large range, and hence does not approach the thresholds for Vulnerable under the range size criterion (extent of occurrence &lt;20,000 km<sup>2</sup> combined with a declining or fluctuating range size, habitat extent/quality, or population size and a small number of locations or severe fragmentation). Despite the fact that the population trend appears to be decreasing, the decline is not believed to be sufficiently rapid to approach the thresholds for Vulnerable under the population trend criterion (&gt;30% decline over ten years or three generations). The population size is very large, and hence does not approach the thresholds for Vulnerable under the population size criterion (&lt;10,000 mature individuals with a continuing decline estimated to be &gt;10% in ten years or three generations, or with a specified population structure). For these reasons the species is evaluated as Least Concern.",,,"The global population is suspected to number 50,000-499,999 mature individuals (Partners in Flight 2019). The species is described as 'common' (Stotz<em> et al</em>. 1996).",Decreasing,,,Terrestrial,,Neotropical,,false,false,Global
166921746,22725723,Phaethornis longirostris,Least Concern,,2022,2022-07-01 00:00:00 UTC,3.1,English,"This species has an extremely large range, and hence does not approach the thresholds for Vulnerable under the range size criterion (extent of occurrence &lt;20,000 km<sup>2</sup> combined with a declining or fluctuating range size, habitat extent/quality, or population size and a small number of locations or severe fragmentation). Despite the fact that the population trend appears to be decreasing, the decline is not believed to be sufficiently rapid to approach the thresholds for Vulnerable under the population trend criterion (&gt;30% decline over ten years or three generations). The population size has not been quantified, but it is not believed to approach the thresholds for Vulnerable under the population size criterion (&lt;10,000 mature individuals with a continuing decline estimated to be &gt;10% in ten years or three generations, or with a specified population structure). For these reasons the species is evaluated as Least Concern.",,,The global population size is unknown given recent taxonomic splits.,Decreasing,,,Terrestrial,,Neotropical,,false,false,Global
166922852,22725731,Phaethornis baroni,Least Concern,,2022,2020-01-27 00:00:00 UTC,3.1,English,"This species has a very large range, and hence does not approach the thresholds for Vulnerable under the range size criterion (extent of occurrence &lt;20,000 km<sup>2</sup> combined with a declining or fluctuating range size, habitat extent/quality, or population size and a small number of locations or severe fragmentation). Despite the fact that the population trend appears to be decreasing, the decline is not believed to be sufficiently rapid to approach the thresholds for Vulnerable under the population trend criterion (&gt;30% decline over ten years or three generations). The population size has not been quantified, but it is not believed to approach the thresholds for Vulnerable under the population size criterion (&lt;10,000 mature individuals with a continuing decline estimated to be &gt;10% in ten years or three generations, or with a specified population structure). For these reasons the species is evaluated as Least Concern.",,,The global population size is unknown given recent taxonomic splits.,Decreasing,,,Terrestrial,,Neotropical,,false,false,Global
166996058,22686955,Phaethornis anthophilus,Least Concern,,2021,2020-10-12 00:00:00 UTC,3.1,English,"This species has an extremely large range, and hence does not approach the thresholds for Vulnerable under the range size criterion (Extent of Occurrence &lt;20,000 km<sup>2</sup> combined with a declining or fluctuating range size, habitat extent/quality, or population size and a small number of locations or severe fragmentation). Despite the fact that the population trend appears to be decreasing, the decline is not believed to be sufficiently rapid to approach the thresholds for Vulnerable under the population trend criterion (&gt;30% decline over ten years or three generations). The population size is very large, and hence does not approach the thresholds for Vulnerable under the population size criterion (&lt;10,000 mature individuals with a continuing decline estimated to be &gt;10% in ten years or three generations, or with a specified population structure). For these reasons the species is evaluated as Least Concern.",,,"The global population is estimated to number 500,000-4,999,999 mature individuals (Partners in Flight 2019). The species is described as 'fairly common' (Stotz<em> et al.</em> 1996).",Decreasing,,,Terrestrial,,Neotropical,,false,false,Global
166996733,22730147,Phaethornis striigularis,Least Concern,,2021,2020-10-12 00:00:00 UTC,3.1,English,"This species has an extremely large range, and hence does not approach the thresholds for Vulnerable under the range size criterion (Extent of Occurrence &lt;20,000 km<sup>2</sup> combined with a declining or fluctuating range size, habitat extent/quality, or population size and a small number of locations or severe fragmentation). Despite the fact that the population trend appears to be decreasing, the decline is not believed to be sufficiently rapid to approach the thresholds for Vulnerable under the population trend criterion (&gt;30% decline over ten years or three generations). The population size is very large, and hence does not approach the thresholds for Vulnerable under the population size criterion (&lt;10,000 mature individuals with a continuing decline estimated to be &gt;10% in ten years or three generations, or with a specified population structure). For these reasons the species is evaluated as Least Concern.",,,"The global population is estimated to number 50,000-499,999 mature individuals (Partners in Flight 2019).",Decreasing,,,Terrestrial,,Neotropical,,false,false,Global
